{"cameraMode":{"drawMode":0,"name":"Shaded","section":"Shading Mode"},"sceneLighting":false,"audioPlay":false,"sceneViewState":{"m_AlwaysRefresh":false,"showFog":true,"showSkybox":false,"showFlares":true,"showImageEffects":true,"showParticleSystems":true,"showVisualEffectGraphs":true,"m_FxEnabled":false},"in2DMode":false,"pivot":{"x":15.119755744934082,"y":100.80118560791016,"z":108.26856231689453},"rotation":{"x":-0.010776168666779995,"y":-0.9694900512695313,"z":0.2422267347574234,"w":-0.046194955706596377},"size":3.3670711517333986,"orthographic":false}