{"cameraMode":{"drawMode":0,"name":"Shaded","section":"Shading Mode"},"sceneLighting":true,"audioPlay":false,"sceneViewState":{"m_AlwaysRefresh":false,"showFog":true,"showSkybox":true,"showFlares":true,"showImageEffects":true,"showParticleSystems":true,"showVisualEffectGraphs":true,"m_FxEnabled":false},"in2DMode":false,"pivot":{"x":-100.47703552246094,"y":16.762527465820314,"z":18.07439422607422},"rotation":{"x":-0.039140861481428149,"y":-0.9459333419799805,"z":0.29541975259780886,"w":-0.13273723423480988},"size":3.831639051437378,"orthographic":false}