{"cameraMode":{"drawMode":0,"name":"Shaded","section":"Shading Mode"},"sceneLighting":false,"audioPlay":false,"sceneViewState":{"m_AlwaysRefresh":false,"showFog":true,"showSkybox":false,"showFlares":true,"showImageEffects":true,"showParticleSystems":true,"showVisualEffectGraphs":true,"m_FxEnabled":false},"in2DMode":false,"pivot":{"x":-94.3306884765625,"y":2.844869375228882,"z":0.19122028350830079},"rotation":{"x":-0.002985797356814146,"y":0.9955933690071106,"z":-0.09826398640871048,"w":-0.015898510813713075},"size":3.367069959640503,"orthographic":false}