{"cameraMode":{"drawMode":0,"name":"Shaded","section":"Shading Mode"},"sceneLighting":false,"audioPlay":false,"sceneViewState":{"m_AlwaysRefresh":false,"showFog":true,"showSkybox":false,"showFlares":true,"showImageEffects":true,"showParticleSystems":true,"showVisualEffectGraphs":true,"m_FxEnabled":false},"in2DMode":false,"pivot":{"x":-94.84957885742188,"y":2.844869375228882,"z":1.8378182649612427},"rotation":{"x":-0.002985797356814146,"y":0.9955933690071106,"z":-0.09826398640871048,"w":-0.015898510813713075},"size":3.367070198059082,"orthographic":false}