{"cameraMode":{"drawMode":0,"name":"Shaded","section":"Shading Mode"},"sceneLighting":false,"audioPlay":false,"sceneViewState":{"m_AlwaysRefresh":false,"showFog":true,"showSkybox":false,"showFlares":true,"showImageEffects":true,"showParticleSystems":true,"showVisualEffectGraphs":true,"m_FxEnabled":false},"in2DMode":false,"pivot":{"x":-129.46011352539063,"y":3.824962854385376,"z":24.478225708007814},"rotation":{"x":0.45530250668525698,"y":-0.027297917753458024,"z":0.0137716643512249,"w":0.8901272416114807},"size":1.4549206495285035,"orthographic":false}