{"cameraMode":{"drawMode":0,"name":"Shaded","section":"Shading Mode"},"sceneLighting":true,"audioPlay":false,"sceneViewState":{"m_AlwaysRefresh":false,"showFog":true,"showSkybox":true,"showFlares":true,"showImageEffects":true,"showParticleSystems":true,"showVisualEffectGraphs":true,"m_FxEnabled":false},"in2DMode":false,"pivot":{"x":8.40067195892334,"y":17.369291305541993,"z":-42.92003631591797},"rotation":{"x":-0.11735387146472931,"y":-0.013635547831654549,"z":0.0022508830297738315,"w":-0.9933674335479736},"size":3.535533905029297,"orthographic":false}